period,catalog,advertised_file_count,individual_report_count,individual_summary_ids,individual_report_names,cadastro_advertised,numeric_shards
200003,2000a2024,15,4,76,Resumo|Ativo|Passivo|Demonstração de Resultado,True,2
200006,2000a2024,15,4,76,Resumo|Ativo|Passivo|Demonstração de Resultado,True,2
200009,2000a2024,15,4,76,Resumo|Ativo|Passivo|Demonstração de Resultado,True,2
200012,2000a2024,16,4,76,Resumo|Ativo|Passivo|Demonstração de Resultado,True,2
200103,2000a2024,16,4,76,Resumo|Ativo|Passivo|Demonstração de Resultado,True,2
200106,2000a2024,16,4,76,Resumo|Ativo|Passivo|Demonstração de Resultado,True,2
200109,2000a2024,16,4,76,Resumo|Ativo|Passivo|Demonstração de Resultado,True,2
200112,2000a2024,16,4,76,Resumo|Ativo|Passivo|Demonstração de Resultado,True,2
200203,2000a2024,16,4,76,Resumo|Ativo|Passivo|Demonstração de Resultado,True,2
200206,2000a2024,16,4,76,Resumo|Ativo|Passivo|Demonstração de Resultado,True,2
200209,2000a2024,16,4,76,Resumo|Ativo|Passivo|Demonstração de Resultado,True,2
200212,2000a2024,16,4,76,Resumo|Ativo|Passivo|Demonstração de Resultado,True,2
200303,2000a2024,16,4,76,Resumo|Ativo|Passivo|Demonstração de Resultado,True,2
200306,2000a2024,16,4,76,Resumo|Ativo|Passivo|Demonstração de Resultado,True,2
200309,2000a2024,16,4,76,Resumo|Ativo|Passivo|Demonstração de Resultado,True,2
200312,2000a2024,16,4,76,Resumo|Ativo|Passivo|Demonstração de Resultado,True,2
200403,2000a2024,16,4,76,Resumo|Ativo|Passivo|Demonstração de Resultado,True,2
200406,2000a2024,17,4,76,Resumo|Ativo|Passivo|Demonstração de Resultado,True,2
200409,2000a2024,16,4,76,Resumo|Ativo|Passivo|Demonstração de Resultado,True,2
200412,2000a2024,16,4,76,Resumo|Ativo|Passivo|Demonstração de Resultado,True,2
200503,2000a2024,16,4,76,Resumo|Ativo|Passivo|Demonstração de Resultado,True,2
200506,2000a2024,16,4,76,Resumo|Ativo|Passivo|Demonstração de Resultado,True,2
200509,2000a2024,16,4,76,Resumo|Ativo|Passivo|Demonstração de Resultado,True,2
200512,2000a2024,16,4,76,Resumo|Ativo|Passivo|Demonstração de Resultado,True,2
200603,2000a2024,16,4,76,Resumo|Ativo|Passivo|Demonstração de Resultado,True,2
200606,2000a2024,16,4,76,Resumo|Ativo|Passivo|Demonstração de Resultado,True,2
200609,2000a2024,16,4,76,Resumo|Ativo|Passivo|Demonstração de Resultado,True,2
200612,2000a2024,16,4,76,Resumo|Ativo|Passivo|Demonstração de Resultado,True,2
200703,2000a2024,16,4,76,Resumo|Ativo|Passivo|Demonstração de Resultado,True,2
200706,2000a2024,16,4,76,Resumo|Ativo|Passivo|Demonstração de Resultado,True,2
200709,2000a2024,16,4,76,Resumo|Ativo|Passivo|Demonstração de Resultado,True,2
200712,2000a2024,16,4,76,Resumo|Ativo|Passivo|Demonstração de Resultado,True,2
200803,2000a2024,16,4,76,Resumo|Ativo|Passivo|Demonstração de Resultado,True,2
200806,2000a2024,16,4,76,Resumo|Ativo|Passivo|Demonstração de Resultado,True,2
200809,2000a2024,16,4,76,Resumo|Ativo|Passivo|Demonstração de Resultado,True,2
200812,2000a2024,16,4,76,Resumo|Ativo|Passivo|Demonstração de Resultado,True,2
200903,2000a2024,16,4,76,Resumo|Ativo|Passivo|Demonstração de Resultado,True,2
200906,2000a2024,16,4,76,Resumo|Ativo|Passivo|Demonstração de Resultado,True,2
200909,2000a2024,16,4,76,Resumo|Ativo|Passivo|Demonstração de Resultado,True,2
200912,2000a2024,16,4,76,Resumo|Ativo|Passivo|Demonstração de Resultado,True,2
201003,2000a2024,16,4,76,Resumo|Ativo|Passivo|Demonstração de Resultado,True,2
201006,2000a2024,16,4,76,Resumo|Ativo|Passivo|Demonstração de Resultado,True,2
201009,2000a2024,16,4,76,Resumo|Ativo|Passivo|Demonstração de Resultado,True,2
201012,2000a2024,16,4,76,Resumo|Ativo|Passivo|Demonstração de Resultado,True,2
201103,2000a2024,16,4,76,Resumo|Ativo|Passivo|Demonstração de Resultado,True,2
201106,2000a2024,16,4,76,Resumo|Ativo|Passivo|Demonstração de Resultado,True,2
201109,2000a2024,16,4,76,Resumo|Ativo|Passivo|Demonstração de Resultado,True,2
201112,2000a2024,16,4,76,Resumo|Ativo|Passivo|Demonstração de Resultado,True,2
201203,2000a2024,17,4,76,Resumo|Ativo|Passivo|Demonstração de Resultado,True,2
201206,2000a2024,25,4,76,Resumo|Ativo|Passivo|Demonstração de Resultado,True,2
201209,2000a2024,25,4,76,Resumo|Ativo|Passivo|Demonstração de Resultado,True,2
201212,2000a2024,25,4,76,Resumo|Ativo|Passivo|Demonstração de Resultado,True,2
201303,2000a2024,25,4,76,Resumo|Ativo|Passivo|Demonstração de Resultado,True,2
201306,2000a2024,25,4,76,Resumo|Ativo|Passivo|Demonstração de Resultado,True,2
201309,2000a2024,25,4,76,Resumo|Ativo|Passivo|Demonstração de Resultado,True,2
201312,2000a2024,25,4,76,Resumo|Ativo|Passivo|Demonstração de Resultado,True,2
201403,2000a2024,28,4,76,Resumo|Ativo|Passivo|Demonstração de Resultado,True,3
201406,2000a2024,26,4,76,Resumo|Ativo|Passivo|Demonstração de Resultado,True,3
201409,2000a2024,27,4,76,Resumo|Ativo|Passivo|Demonstração de Resultado,True,3
201412,2000a2024,29,4,76,Resumo|Ativo|Passivo|Demonstração de Resultado,True,3
201503,2000a2024,29,4,76,Resumo|Ativo|Passivo|Demonstração de Resultado,True,3
201506,2000a2024,29,4,76,Resumo|Ativo|Passivo|Demonstração de Resultado,True,3
201509,2000a2024,29,4,76,Resumo|Ativo|Passivo|Demonstração de Resultado,True,3
201512,2000a2024,29,4,76,Resumo|Ativo|Passivo|Demonstração de Resultado,True,3
201603,2000a2024,29,4,76,Resumo|Ativo|Passivo|Demonstração de Resultado,True,3
201606,2000a2024,29,4,76,Resumo|Ativo|Passivo|Demonstração de Resultado,True,3
201609,2000a2024,29,4,76,Resumo|Ativo|Passivo|Demonstração de Resultado,True,3
201612,2000a2024,29,4,76,Resumo|Ativo|Passivo|Demonstração de Resultado,True,3
201703,2000a2024,30,4,76,Resumo|Ativo|Passivo|Demonstração de Resultado,True,3
201706,2000a2024,30,4,76,Resumo|Ativo|Passivo|Demonstração de Resultado,True,3
201709,2000a2024,32,4,76,Resumo|Ativo|Passivo|Demonstração de Resultado,True,4
201712,2000a2024,32,4,76,Resumo|Ativo|Passivo|Demonstração de Resultado,True,4
201803,2000a2024,32,4,76,Resumo|Ativo|Passivo|Demonstração de Resultado,True,4
201806,2000a2024,32,4,76,Resumo|Ativo|Passivo|Demonstração de Resultado,True,4
201809,2000a2024,32,4,76,Resumo|Ativo|Passivo|Demonstração de Resultado,True,4
201812,2000a2024,33,4,76,Resumo|Ativo|Passivo|Demonstração de Resultado,True,4
201903,2000a2024,33,4,93,Ativo|Passivo|Resumo|Demonstração de Resultado ,True,4
201906,2000a2024,33,4,93,Ativo|Passivo|Resumo|Demonstração de Resultado ,True,4
201909,2000a2024,33,4,93,Ativo|Passivo|Resumo|Demonstração de Resultado ,True,4
201912,2000a2024,36,4,93,Ativo|Passivo|Resumo|Demonstração de Resultado ,True,4
202003,2000a2024,36,4,93,Ativo|Passivo|Resumo|Demonstração de Resultado ,True,4
202006,2000a2024,36,4,93,Passivo|Ativo|Resumo|Demonstração de Resultado ,True,4
202009,2000a2024,36,4,93,Passivo|Ativo|Resumo|Demonstração de Resultado ,True,4
202012,2000a2024,36,4,93,Passivo|Ativo|Resumo|Demonstração de Resultado ,True,4
202103,2000a2024,36,4,93,Passivo|Ativo|Resumo|Demonstração de Resultado ,True,4
202106,2000a2024,36,4,93,Passivo|Ativo|Resumo|Demonstração de Resultado ,True,4
202109,2000a2024,36,4,93,Passivo|Ativo|Resumo|Demonstração de Resultado ,True,4
202112,2000a2024,36,4,93,Passivo|Ativo|Resumo|Demonstração de Resultado ,True,4
202203,2000a2024,36,4,93,Passivo|Ativo|Resumo|Demonstração de Resultado ,True,4
202206,2000a2024,36,4,93,Passivo|Ativo|Resumo|Demonstração de Resultado ,True,4
202209,2000a2024,36,4,93,Passivo|Ativo|Resumo|Demonstração de Resultado ,True,4
202212,2000a2024,36,4,93,Passivo|Ativo|Resumo|Demonstração de Resultado ,True,5
202303,2000a2024,36,4,93,Passivo|Ativo|Resumo|Demonstração de Resultado ,True,5
202306,2000a2024,36,4,93,Passivo|Ativo|Resumo|Demonstração de Resultado ,True,5
202309,2000a2024,34,4,93,Passivo|Ativo|Resumo|Demonstração de Resultado ,True,5
202312,2000a2024,34,4,93,Passivo|Ativo|Resumo|Demonstração de Resultado ,True,5
202403,2000a2024,34,4,93,Passivo|Ativo|Resumo|Demonstração de Resultado ,True,5
202406,2000a2024,34,4,93,Passivo|Ativo|Resumo|Demonstração de Resultado ,True,5
202409,2000a2024,34,4,93,Passivo|Ativo|Resumo|Demonstração de Resultado ,True,5
202412,2000a2024,33,4,93,Passivo|Ativo|Resumo|Demonstração de Resultado ,True,5
202503,2025a2030,33,4,120,Ativo|Passivo|Demonstração de Resultado|Resumo,True,5
202506,2025a2030,33,4,120,Ativo|Passivo|Demonstração de Resultado|Resumo,True,5
202509,2025a2030,33,4,120,Ativo|Passivo|Demonstração de Resultado|Resumo,True,5
202512,2025a2030,33,4,120,Ativo|Passivo|Demonstração de Resultado|Resumo,True,5
202603,2025a2030,33,4,120,Ativo|Passivo|Demonstração de Resultado|Resumo,True,5
202606,2025a2030,33,4,120,Ativo|Passivo|Demonstração de Resultado|Resumo,True,5
